{
  "IcoMoonType": "selection",
  "icons": [
    {
      "icon": {
        "paths": [
          "M896 545.694c-18.7 196.276-182.723 348.575-382.318 348.575-212.050 0-383.951-171.901-383.951-383.951 0-199.595 152.299-363.618 347.026-382.199l1.549-0.119c-36.511 48.966-58.455 110.662-58.455 177.483 0 164.949 133.718 298.667 298.667 298.667 66.821 0 128.517-21.944 178.275-59.019l-0.792 0.564z"
        ],
        "attrs": [
          {
            "fill": "none",
            "stroke": "rgb(95, 103, 117)",
            "strokeLinejoin": "round",
            "strokeLinecap": "round",
            "strokeMiterlimit": "4",
            "strokeWidth": 73.14285714285714
          }
        ],
        "isMulticolor": false,
        "isMulticolor2": false,
        "grid": 0,
        "tags": [
          "moon_theme"
        ],
        "colorPermutations": {
          "75722191951031171": [
            {
              "s": 0
            }
          ]
        }
      },
      "attrs": [
        {
          "fill": "none",
          "stroke": "rgb(95, 103, 117)",
          "strokeLinejoin": "round",
          "strokeLinecap": "round",
          "strokeMiterlimit": "4",
          "strokeWidth": 73.14285714285714
        }
      ],
      "properties": {
        "order": 2,
        "id": 1,
        "name": "moon_theme",
        "prevSize": 32
      },
      "setIdx": 0,
      "setId": 10,
      "iconIdx": 0
    },
    {
      "icon": {
        "paths": [
          "M512 56.905v82.749M512 884.346v82.749M190.171 190.171l58.758 58.758M775.168 775.168l58.758 58.758M56.905 512h82.749M884.346 512h82.749M190.171 833.877l58.758-58.758M775.119 248.881l58.758-58.758M718.897 512c0 114.252-92.62 206.872-206.872 206.872s-206.872-92.62-206.872-206.872v0c0-114.252 92.62-206.872 206.872-206.872s206.872 92.62 206.872 206.872v0z"
        ],
        "attrs": [
          {
            "fill": "none",
            "stroke": "rgb(75, 72, 219)",
            "strokeLinejoin": "round",
            "strokeLinecap": "round",
            "strokeMiterlimit": "4",
            "strokeWidth": 73.14285714285714
          }
        ],
        "isMulticolor": false,
        "isMulticolor2": false,
        "grid": 0,
        "tags": [
          "sun_theme"
        ],
        "colorPermutations": {
          "75722191951031171": [
            {
              "s": 1
            }
          ]
        }
      },
      "attrs": [
        {
          "fill": "none",
          "stroke": "rgb(75, 72, 219)",
          "strokeLinejoin": "round",
          "strokeLinecap": "round",
          "strokeMiterlimit": "4",
          "strokeWidth": 73.14285714285714
        }
      ],
      "properties": {
        "order": 3,
        "id": 0,
        "name": "sun_theme",
        "prevSize": 32
      },
      "setIdx": 0,
      "setId": 10,
      "iconIdx": 1
    }
  ],
  "height": 1024,
  "preferences": {
    "showGlyphs": true,
    "showCodes": true,
    "showQuickUse": true,
    "showQuickUse2": true,
    "showSVGs": true,
    "fontPref": {
      "prefix": "icon-",
      "metadata": {},
      "metrics": {
        "emSize": 1024,
        "baseline": 6.25,
        "whitespace": 50
      }
    },
    "imagePref": {
      "prefix": "icon-",
      "png": true,
      "useClassSelector": true,
      "color": 0,
      "bgColor": 16777215,
      "name": "icomoon",
      "classSelector": ".icon",
      "height": 32,
      "columns": 16,
      "margin": 16
    },
    "historySize": 50,
    "gridSize": 16
  }
}